<?xml version="1.0" encoding="UTF-8"?>
<!DOCTYPE mapper PUBLIC "-//mybatis.org//DTD Mapper 3.0//EN"
"http://mybatis.org/dtd/mybatis-3-mapper.dtd">
<mapper namespace="auctioninfo">

<!-- 이름 : bid_Wit페이지 insert함수
	 기능 : 경매게시글의 정보를 DB에 저장해주는 역할을 한다. (이미지 파일정보 3개 [이미지파일 이름, 사이즈, 실제파일이름] , 상품 상세정보, 시작입찰가 설정, 경매 진행시간, 경매 인원 , 최고가,최소가)
 -->



	<insert id="insertAuctioninfo" parameterType="com.javassem.vo.AuctioninfoVO">	
		INSERT INTO AUCTION_INFO (A_TITLE, A_CONTENT, A_LIMIT, START_COST, A_STARTDAY , A_ENDDAY, A_IMG1, A_REALIMG, A_IMGSIZE, A_IMG2, A_REALIMG2, A_IMGSIZE2, A_IMG3, A_REALIMG3, A_IMGSIZE3, C_ID, A_DATE, A_WARN, A_ACCESS, A_WISH)
		VALUES (#{A_TITLE}, #{A_CONTENT}, #{A_LIMIT}, #{START_COST}, #{A_STARTDAY}, #{A_ENDDAY},#{A_IMG1}, #{A_REALIMG}, #{A_IMGSIZE},#{A_IMG2}, #{A_REALIMG2}, #{A_IMGSIZE2},#{A_IMG3}, #{A_REALIMG3}, #{A_IMGSIZE3}, #{C_ID}, now(), 0, 0, 0)
	</insert> 
	

 	<select id="getAuctioninfoList" resultType="com.javassem.vo.AuctioninfoVO">
		SELECT * FROM AUCTION_INFO
	</select> 
	
	<select id="getAuctioninfo" parameterType="com.javassem.vo.AuctioninfoVO" resultType="com.javassem.vo.AuctioninfoVO">
		SELECT * FROM AUCTION_INFO WHERE A_NUM = #{A_NUM}
	</select> 


<!-- 	<select id="getBoardList" resultType="BoardVO">
	[![CDATA]]비교연산자 쓸때 html로 착각하지 않게 하기위해서 씀
		<![CDATA[
		SELECT * FROM uploadtemp ORDER BY b_id DESC
		]]>
	</select> -->


</mapper>
