<?xml version="1.0" encoding="UTF-8"?>
<!DOCTYPE mapper PUBLIC "-//mybatis.org//DTD Mapper 3.0//EN"
"http://mybatis.org/dtd/mybatis-3-mapper.dtd">
<mapper namespace="auctioninfo">

<!-- 11.07-->



	<insert id="insertAuctioninfo" parameterType="com.javassem.vo.AuctioninfoVO">	
		INSERT INTO AUCTION_INFO (A_TITLE, A_CONTENT, A_LIMIT, START_COST, A_STARTDAY , A_ENDDAY, A_IMG1, A_REALIMG, A_IMGSIZE, A_IMG2, A_REALIMG2, A_IMGSIZE2, A_IMG3, A_REALIMG3, A_IMGSIZE3, C_ID, A_DATE, A_WARN, A_ACCESS, A_WISH, A_CONDITION, A_SELLER, S_NUM)
		VALUES (#{A_TITLE}, #{A_CONTENT}, #{A_LIMIT}, #{START_COST}, #{A_STARTDAY}, #{A_ENDDAY},#{A_IMG1}, #{A_REALIMG}, #{A_IMGSIZE},#{A_IMG2}, #{A_REALIMG2}, #{A_IMGSIZE2},#{A_IMG3}, #{A_REALIMG3}, #{A_IMGSIZE3}, #{C_ID}, now(), 0, 0, 0, #{A_CONDITION}, #{A_SELLER}, 0)
	</insert> 

	

 	<select id="getAuctioninfoList" resultType="com.javassem.vo.AuctioninfoVO">
		SELECT * FROM AUCTION_INFO WHERE A_SELLER = #{A_SELLER}
	</select> 
	
	<select id="getAuctioninfo" parameterType="com.javassem.vo.AuctioninfoVO" resultType="com.javassem.vo.AuctioninfoVO">
		SELECT * FROM AUCTION_INFO WHERE A_NUM = #{A_NUM}
	</select> 


	<delete id="deleteAuctioninfo"  parameterType="com.javassem.vo.AuctioninfoVO">
		DELETE FROM AUCTION_INFO
		WHERE A_NUM = #{A_NUM}
	</delete>
	
	<delete id="deleteAuctioninfolist"  parameterType="java.util.List">
		DELETE FROM AUCTION_INFO
		  WHERE A_NUM IN
    <foreach collection="list" item="item" open="(" separator="," close=")">
        #{item.A_NUM}
    </foreach>
	</delete>
	
		<update id="updateAuctioninfo" parameterType="com.javassem.vo.AuctioninfoVO">
		UPDATE AUCTION_INFO SET
		A_TITLE = #{A_TITLE},
		A_CONTENT = #{A_CONTENT},
		A_LIMIT = #{A_LIMIT},
		START_COST = #{START_COST},
		A_STARTDAY = #{A_STARTDAY},
		A_ENDDAY = #{A_ENDDAY},
		A_IMG1 = #{A_IMG1},
		A_IMG2 = #{A_IMG2},
		A_IMG3 = #{A_IMG3},
		A_REALIMG = #{A_REALIMG},
		A_REALIMG2 = #{A_REALIMG2},
		A_REALIMG3 = #{A_REALIMG3},
		A_IMGSIZE = #{A_IMGSIZE},
		A_IMGSIZE2 = #{A_IMGSIZE2},
		A_IMGSIZE3 = #{A_IMGSIZE3},
		C_ID = #{C_ID},
		A_DATE = now()
		WHERE A_NUM = #{A_NUM}
	</update>


</mapper>
