<?xml version="1.0" encoding="UTF-8"?>
<beans xmlns="http://www.springframework.org/schema/beans"
	xmlns:xsi="http://www.w3.org/2001/XMLSchema-instance"
	xmlns:context="http://www.springframework.org/schema/context"
	xmlns:tx="http://www.springframework.org/schema/tx"
	xsi:schemaLocation="http://www.springframework.org/schema/beans 
		http://www.springframework.org/schema/beans/spring-beans.xsd
		http://www.springframework.org/schema/context 
		http://www.springframework.org/schema/context/spring-context-4.2.xsd
		http://www.springframework.org/schema/tx 
		http://www.springframework.org/schema/tx/spring-tx-4.1.xsd">

		
	<!-- Root Context: defines shared resources visible to all other web components -->
	<!-- ##### oracle ##### -->
	<!-- <bean id="dataSource" class="org.springframework.jdbc.datasource.DriverManagerDataSource">
		<property name="driverClassName" value="oracle.jdbc.driver.OracleDriver"></property>
		<property name="url" value="jdbc:oracle:thin:@localhost:1521:orcl"></property>
		<property name="username" value="scott"></property>
		<property name="password" value="tiger"></property>
	</bean>	 -->

	
	<!-- ##### mariadb ##### -->
 	<!--  <bean id="dataSource" class="org.springframework.jdbc.datasource.DriverManagerDataSource">
		<property name="driverClassName" value="org.mariadb.jdbc.Driver"></property>
		<property name="url" value="jdbc:mariadb://localhost:3306/test"></property>
		<property name="username" value="root"></property>
		<property name="password" value="admin1234"></property>
	</bean> --> 

	<!-- #####  MySql ##### -->
	<bean id="dataSource" class="org.springframework.jdbc.datasource.DriverManagerDataSource">
		<property name="driverClassName" 	value="com.mysql.cj.jdbc.Driver"></property>
		<property name="url" 				value="jdbc:mysql://118.217.203.37:3306/sauction"></property>
		<property name="username" 			value="sidolAuction"></property>
		<property name="password" 			value="sidol6"></property>
	</bean>		

	
	
	<bean id="sqlSessionFactory" class="org.mybatis.spring.SqlSessionFactoryBean">
	  <property name="dataSource" ref="dataSource" />
	  <!-- <property name="configLocation" value="classpath:/mybatis-config.xml"></property> -->
	  <property name="mapperLocations" value="classpath:mappers/**/*.xml"></property>
	  <!-- VO 클래스명과 동일하게 지정 -->
	  <!-- <property name="typeAliases">
		<list>
			<value>com.javassem.vo.MemberVO</value>
			<value>com.javassem.vo.CustomerVO</value>
		</list>
		</property>	 -->
	  <!-- VO에 별칭 @Alias("내맘대로지정") 지정 -->
	  <!-- <property name="typeAliasesPackage" value='com.javassem.vo'/> -->  
	 </bean>
	 
	 <bean id="sqlSession" class="org.mybatis.spring.SqlSessionTemplate">
	   <constructor-arg name="sqlSessionFactory" ref="sqlSessionFactory"></constructor-arg>
	 </bean>
 
 
 	<!-- ###### Transaction ###### -->

	<bean id="transactionManager"
		class="org.springframework.jdbc.datasource.DataSourceTransactionManager">
		<property name="dataSource" ref="dataSource"></property>
	</bean>
	<!-- transaction annoation 방식 설정 -->
	<!-- 왼쪽에 AOP 화살표 처리가 나와야 한다 -->
	<tx:annotation-driven transaction-manager="transactionManager"/>



</beans>


