<?xml version="1.0" encoding="UTF-8"?>
<!DOCTYPE mapper PUBLIC "-//mybatis.org//DTD Mapper 3.0//EN"
"http://mybatis.org/dtd/mybatis-3-mapper.dtd">
<mapper namespace="member">

	<insert id="insertMember" parameterType="com.javassem.vo.MemberVO">	
	INSERT INTO member(M_ID, M_PW, 		M_NAME, 	M_GENDER, 	M_BIRTH, 	M_TEL, M_GRADE	,	
					M_EMAIL, 	M_ADDR, 	M_CATEGORY1,  M_AGREE_INFO, 	M_AGREE_MARKETING, M_PREMIUM) 
	VALUES			(#{M_ID},#{ M_PW},	#{M_NAME}, #{M_GENDER}, #{M_BIRTH}, #{M_TEL}, '신규',
					#{M_EMAIL}, #{M_ADDR}, #{M_CATEGORY1}, #{M_AGREE_INFO}, #{M_AGREE_MARKETING}, 0)
	</insert>
	
	
	<select id="memberlogin" parameterType="com.javassem.vo.MemberVO" resultType="com.javassem.vo.MemberVO">
	SELECT *
	FROM MEMBER
	WHERE M_ID = #{M_ID} AND M_PW = #{M_PW}
	</select>
	
	
	<select id="memberpwCheck" parameterType="com.javassem.vo.MemberVO" resultType="com.javassem.vo.MemberVO">
	SELECT *
	FROM MEMBER
	WHERE M_ID = #{M_ID} AND M_PW = #{M_PW}	
	</select>
	
	
	<update id="memberupdateMember" parameterType="com.javassem.vo.MemberVO">
		UPDATE MEMBER
		SET 		M_PW = #{M_PW}, 
					M_NAME = #{M_NAME},
					M_GENDER = #{M_GENDER},
					M_BIRTH = #{M_BIRTH}, 
					M_TEL = #{M_TEL},
					M_EMAIL = #{M_EMAIL},
					M_ADDR = #{M_ADDR},
					M_CATEGORY1 = #{M_CATEGORY1},
					M_AGREE_INFO = #{M_AGREE_INFO},
					M_AGREE_MARKETING = #{M_AGREE_MARKETING}
		WHERE 	M_ID = #{M_ID}		
	</update>
	
	
	<update id="updateAccount" parameterType="com.javassem.vo.CashVO">
		UPDATE CASH
		SET 	BANK		= #{BANK}
				,ACCOUNT	= #{ACCOUNT}
		WHERE	 M_ID		= #{M_ID}
	</update>
	
	
	<select id="getMyAccount" parameterType="com.javassem.vo.CashVO" resultType="com.javassem.vo.CashVO">
	SELECT *
	FROM CASH
	WHERE M_ID = #{M_ID}
	</select>
	
	
	
	<update id="chargeAccount" parameterType="com.javassem.vo.CashVO">
		UPDATE CASH 
		SET 	CASH = CASH + #{CASH}
		WHERE 	M_ID = #{M_ID}
	</update>
	
	
	<select id="getMemberList" resultType="com.javassem.vo.MemberVO">
		SELECT * FROM MEMBER
	</select>
	
	
	<select id="getWorkList"  resultType="com.javassem.vo.WorkListVO">
		SELECT * FROM WORKLIST
	</select>
	
	
	<insert id="insertWorkList" parameterType="com.javassem.vo.WorkListVO">
		INSERT INTO WORKLIST 
				(WORK_ID, WORK_CATEGORY, WORK_THING, WORK_TIME, WORK_MEMO)
		VALUES (#{WORK_ID}, #{WORK_CATEGORY}, #{WORK_THING}, #{WORK_TIME}, #{WORK_MEMO})
	</insert>
	
	<select id="getMemberByCondition" parameterType="com.javassem.vo.WorkListVO" resultType="com.javassem.vo.MemberVO">
		SELECT * FROM MEMBER
		WHERE M_ID LIKE '%${M_ID}%'
	</select>
	
	<select id="searchItem" parameterType="com.javassem.vo.Auction_infoVO" resultType="com.javassem.vo.Auction_infoVO">
		SELECT * FROM AUCTION_INFO 
		WHERE A_TITLE LIKE '%${A_TITLE}%'
	</select>
	
	<select id="idCheck" parameterType="String" resultType="int">
		SELECT count(*) FROM MEMBER WHERE M_ID = #{M_ID}
	</select>
	
	<insert id="joinAuction" parameterType="com.javassem.vo.Auction_ingVO">
		INSERT INTO AUCTION_ING (	A_NUM, 	ING_BUYER, 		ING_COST, 	TIME_COST	)
		VALUES (					#{A_NUM}, #{ING_BUYER}, #{ING_COST}, now())
	</insert>
	
	<select id="getAuctioninginfo" parameterType="com.javassem.vo.Auction_ingVO" resultType="com.javassem.vo.Auction_ingVO">
	SELECT ifnull(ing_cost, 0) ING_COST, 
			ifnull(a_num, 0) A_NUM, 
			ifnull(ing_buyer, '없음') ING_BUYER, 
			ifnull(time_cost, '없음') TIME_COST
	FROM AUCTION_ING
	WHERE A_NUM = #{A_NUM}
	ORDER BY ING_COST DESC
	LIMIT 1; 
	</select>
	
	<select id="getAuctionIngInfoMember" parameterType="com.javassem.vo.Auction_ingVO" resultType="com.javassem.vo.Auction_ingVO">
	SELECT *
	FROM AUCTION_ING
	WHERE A_NUM = #{A_NUM} AND ING_BUYER = #{ING_BUYER}
	ORDER BY ING_COST DESC
	LIMIT 1; 
	</select>
	
	<select id="getAccessCount" parameterType="com.javassem.vo.Auction_ingVO" resultType="com.javassem.vo.Auction_ingVO">
		SELECT count(DISTINCT ing_buyer) AS count  FROM auction_ing WHERE A_NUM= #{A_NUM}
	</select>
	
<!-- A_NUM을 이용해서 셀러의 등급을가져오는 SQL -->
	<select id="getMembervo" parameterType="com.javassem.vo.Auction_infoVO" resultType="com.javassem.vo.MemberVO">
	SELECT m.M_GRADE M_GRADE
	FROM auction_info a INNER JOIN MEMBER m 
	ON a.A_SELLER = m.M_ID
	WHERE a.A_NUM=#{A_NUM}
	</select>	
	
	<select id="getAllAuctions" resultType="com.javassem.vo.Auction_infoVO">
		SELECT * FROM AUCTION_INFO
	</select>
	
	<select id="getAuctions1" resultType="com.javassem.vo.Auction_infoVO">
		SELECT * FROM AUCTION_INFO WHERE A_CONDITION IN ('검토전', '검토중', '검토완료', '상품접수완료')
	</select>
	
	<select id="getAuctions2" resultType="com.javassem.vo.Auction_infoVO">
		SELECT * FROM AUCTION_INFO WHERE A_CONDITION IN ('상품검토완료')
	</select>
	
	<select id="getAuctions3" resultType="com.javassem.vo.Auction_infoVO">
		SELECT * FROM AUCTION_INFO WHERE A_CONDITION IN ('경매중')
	</select>
	
	<select id="getAuctions4" resultType="com.javassem.vo.Auction_infoVO">
		SELECT * FROM AUCTION_INFO WHERE A_CONDITION IN ('경매완료', '발송완료')
	</select>
	
	<select id="getPersonalData" parameterType="com.javassem.vo.MemberVO" resultType="com.javassem.vo.MemberVO">
		SELECT * FROM MEMBER WHERE M_ID = #{M_ID}
	</select>
	
	<select id="getCategory" parameterType="com.javassem.vo.MemberVO" resultType="com.javassem.vo.CategoryVO">
		SELECT c.C_NAME C_NAME FROM MEMBER m INNER JOIN category c
		ON m.M_CATEGORY1 = c.C_ID WHERE m.M_ID = #{M_ID}
	</select>
	
	<update id="changeGrade" parameterType="com.javassem.vo.MemberVO">
		UPDATE MEMBER SET M_GRADE = #{M_GRADE} WHERE M_ID = #{M_ID}
	</update>
	
	<select id="getInfo" parameterType="com.javassem.vo.Auction_infoVO" resultType="com.javassem.vo.AuctionEndVO">
		SELECT ifnull(end_cost, 0) END_COST, 
		ifnull(delivery_addr, '없음') DELIVERY_ADDR, 
		ifnull(delivery_company,'없음') DELIVERY_COMPANY,
		ifnull(delivery_num, '없음') DELIVERY_NUM,
		ifnull(delivery_date, '없음') DELIVERY_DATE,
		ifNUll(end_buyer, '없음') END_BUYER
		FROM auction_end	
		WHERE a_num = #{A_NUM}	
	</select>
	
	<update id="changeAcon" parameterType="com.javassem.vo.Auction_infoVO">
		UPDATE AUCTION_INFO SET A_CONDITION = #{A_CONDITION} WHERE A_NUM=#{A_NUM}
	</update>
	
	<select id="getStorageInfo" parameterType="com.javassem.vo.StorageVO" resultType="com.javassem.vo.StorageVO">
		SELECT s.S_NUM S_NUM, s.S_ADDR S_ADDR, s.S_MANAGER S_MANAGER
		FROM auction_info a INNER JOIN storage s
		ON a.S_NUM = s.S_NUM
		WHERE a.A_NUM = #{A_NUM}
	</select>
	
	<update id="updateStorage" parameterType="com.javassem.vo.Auction_infoVO">
		UPDATE AUCTION_INFO SET S_NUM = #{S_NUM}, A_CONDITION = '상품접수완료' WHERE A_NUM = #{A_NUM}
	</update>
	
	<insert id="auctionEnd" parameterType="com.javassem.vo.Auction_ingVO">
		INSERT INTO AUCTION_END (END_COST,A_NUM, END_BUYER, finish_time) VALUES (#{ING_COST}, #{A_NUM}, #{ING_BUYER}, now())
	</insert>
	
	<update id="updateDeliveryInfo" parameterType="com.javassem.vo.AuctionEndVO">
		UPDATE AUCTION_END SET DELIVERY_ADDR = #{DELIVERY_ADDR}, 
								DELIVERY_COMPANY=#{DELIVERY_COMPANY},
								DELIVERY_NUM = #{DELIVERY_NUM},
								DELIVERY_DATE = #{DELIVERY_DATE}
		WHERE A_NUM = #{A_NUM}						
	</update>
	
	<insert id="auctionEndByTime" parameterType="com.javassem.vo.Auction_ingVO">
		INSERT INTO AUCTION_END (END_COST,A_NUM, END_BUYER, FINISH_TIME) 
		VALUES (#{ING_COST}, #{A_NUM}, #{ING_BUYER}, NOW())
	</insert>

</mapper>