<?xml version="1.0" encoding="UTF-8"?>
<!DOCTYPE mapper PUBLIC "-//mybatis.org//DTD Mapper 3.0//EN"
"http://mybatis.org/dtd/mybatis-3-mapper.dtd">
<mapper namespace="mypage">
	
	<!-- 사용자 문의 작성, 확인, 수정, 삭제 -->
	
<select id="getauctionlist" parameterType="com.javassem.vo.Auction_ingVO" resultType="com.javassem.vo.Auction_infoVO" >	
		SELECT * FROM AUCTION_INFO 
		WHERE A_NUM IN (SELECT A_NUM 
		FROM AUCTION_ING 
		WHERE A_NUM NOT IN (SELECT A_NUM FROM AUCTION_END) AND
		      ING_BUYER = #{ING_BUYER});
	</select>

	<select id="getMypageauctionlist" parameterType="com.javassem.vo.Auction_EndVO" resultType="com.javassem.vo.MypageauctionlistVO" >	
		SELECT e.END_COST END_COST, i.A_REALIMG A_REALIMG, i.A_TITLE A_TITLE, i.A_ENDDAY A_ENDDAY, i.A_NUM A_NUM
		FROM auction_end e INNER JOIN auction_info i
		ON e.A_NUM = i.A_NUM
		WHERE e.END_BUYER = #{END_BUYER}
	</select>

	<!-- 11.09일 추가 -->
	<select id="getWishlist" parameterType="com.javassem.vo.WishListVO" resultType="com.javassem.vo.MypagewishlistVO" >	
		SELECT * FROM auction_info 
		WHERE A_NUM IN (SELECT W_PRODUCT FROM wishlist WHERE W_ID = #{W_ID})
	</select>
	
	
	<!-- 11.09일 추가  -->
	<delete id="deleteWishlist" parameterType="com.javassem.vo.WishListVO">
	DELETE FROM WISHLIST WHERE W_ID=#{W_ID} AND W_PRODUCT=#{W_PRODUCT}
	</delete>
	
	
	<!-- 11.10일 배송내역 추가 -->
	<select id="getDeliverylist" parameterType="com.javassem.vo.WishListVO" resultType="com.javassem.vo.MypageDeliverylistVO" >	
		SELECT e.END_COST END_COST, i.A_REALIMG A_REALIMG, i.A_TITLE A_TITLE, i.A_NUM A_NUM, i.A_CONDITION A_CONDITION
		FROM auction_end e INNER JOIN auction_info i
		ON e.A_NUM = i.A_NUM
		WHERE e.END_BUYER = #{END_BUYER}
	</select>
	
	
	<update id="mypagedeliverymodify" parameterType="com.javassem.vo.Auction_EndVO">
		UPDATE AUCTION_END SET
		DELIVERY_ADDR = #{DELIVERY_ADDR},
		DELIVERY_COMPANY = #{DELIVERY_COMPANY},
		DELIVERY_NUM = #{DELIVERY_NUM},
		DELIVERY_DATE = now()
		WHERE A_NUM = #{A_NUM}
	</update>
	
		
	<select id="searchItem" parameterType="com.javassem.vo.Auction_infoVO" resultType="com.javassem.vo.MypageauctionlistVO">
		SELECT e.END_COST END_COST, i.A_REALIMG A_REALIMG, i.A_TITLE A_TITLE, i.A_ENDDAY A_ENDDAY, i.A_NUM A_NUM
		FROM auction_end e INNER JOIN auction_info i
		ON e.A_NUM = i.A_NUM
		WHERE e.END_BUYER = #{END_BUYER} AND i.A_TITLE LIKE '%${DELIVERY_COMPANY}%'
	</select>
	
</mapper>