<?xml version="1.0" encoding="UTF-8"?>
<!DOCTYPE mapper PUBLIC "-//mybatis.org//DTD Mapper 3.0//EN"
"http://mybatis.org/dtd/mybatis-3-mapper.dtd">
<mapper namespace="member">

	<insert id="insertMember" parameterType="com.javassem.vo.MemberVO">	
	INSERT INTO member(M_ID, M_PW, 		M_NAME, 	M_GENDER, 	M_BIRTH, 	M_TEL, 		
					M_EMAIL, 	M_ADDR, 	M_CATEGORY1,  M_AGREE_INFO, 	M_AGREE_MARKETING, M_PREMIUM, M_GRADE) 
	VALUES			(#{M_ID},#{ M_PW},	#{M_NAME}, #{M_GENDER}, #{M_BIRTH}, #{M_TEL}, 
					#{M_EMAIL}, #{M_ADDR}, #{M_CATEGORY1}, #{M_AGREE_INFO}, #{M_AGREE_MARKETING}, 0, 0)
	</insert>
	
	
	<select id="memberlogin" parameterType="com.javassem.vo.MemberVO" resultType="com.javassem.vo.MemberVO">
	SELECT *
	FROM MEMBER
	WHERE M_ID = #{M_ID} AND M_PW = #{M_PW}
	</select>
	
	
	<select id="memberpwCheck" parameterType="com.javassem.vo.MemberVO" resultType="com.javassem.vo.MemberVO">
	SELECT *
	FROM MEMBER
	WHERE M_ID = #{M_ID} AND M_PW = #{M_PW}	
	</select>
	
	
	<update id="memberupdateMember" parameterType="com.javassem.vo.MemberVO">
		UPDATE MEMBER
		SET 		M_PW = #{M_PW}, 
					M_NAME = #{M_NAME},
					M_GENDER = #{M_GENDER},
					M_BIRTH = #{M_BIRTH}, 
					M_TEL = #{M_TEL},
					M_EMAIL = #{M_EMAIL},
					M_ADDR = #{M_ADDR},
					M_CATEGORY1 = #{M_CATEGORY1},
					M_AGREE_INFO = #{M_AGREE_INFO},
					M_AGREE_MARKETING = #{M_AGREE_MARKETING}
		WHERE 	M_ID = #{M_ID}		
	</update>
	
	
	<update id="updateAccount" parameterType="com.javassem.vo.CashVO">
		UPDATE CASH
		SET 	BANK		= #{BANK}
				,ACCOUNT	= #{ACCOUNT}
		WHERE	 M_ID		= #{M_ID}
	</update>
	
	
	<select id="getMyAccount" parameterType="com.javassem.vo.CashVO" resultType="com.javassem.vo.CashVO">
	SELECT *
	FROM CASH
	WHERE M_ID = #{M_ID}
	</select>
	
	
	
	<update id="chargeAccount" parameterType="com.javassem.vo.CashVO">
		UPDATE CASH 
		SET 	CASH = CASH + #{CASH}
		WHERE 	M_ID = #{M_ID}
	</update>
	
	
	<select id="getMemberList" resultType="com.javassem.vo.MemberVO">
		SELECT * FROM MEMBER
	</select>
	
	
	<select id="getWorkList"  resultType="com.javassem.vo.WorkListVO">
		SELECT * FROM WORKLIST
	</select>
	
	
	<insert id="insertWorkList" parameterType="com.javassem.vo.WorkListVO">
		INSERT INTO WORKLIST 
				(WORK_ID, WORK_CATEGORY, WORK_THING, WORK_TIME, WORK_MEMO)
		VALUES (#{WORK_ID}, #{WORK_CATEGORY}, #{WORK_THING}, #{WORK_TIME}, #{WORK_MEMO})
	</insert>
	
	<select id="getMemberByCondition" parameterType="com.javassem.vo.WorkListVO" resultType="com.javassem.vo.MemberVO">
		SELECT * FROM MEMBER
		WHERE M_ID LIKE '%${M_ID}%'
	</select>
	
	<select id="searchItem" parameterType="com.javassem.vo.Auction_infoVO" resultType="com.javassem.vo.Auction_infoVO">
		SELECT * FROM AUCTION_INFO 
		WHERE A_TITLE LIKE '%${A_TITLE}%'
	</select>
	
	<select id="idCheck" parameterType="String" resultType="int">
		SELECT count(*) FROM MEMBER WHERE M_ID = #{M_ID}
	</select>
	
	<insert id="joinAuction" parameterType="com.javassem.vo.Auction_ingVO">
		INSERT INTO AUCTION_ING (	A_NUM, 	ING_BUYER, 		ING_COST, 	TIME_COST	)
		VALUES (					#{A_NUM}, #{ING_BUYER}, #{ING_COST}, now())
	</insert>
	
	<select id="getAuctioninginfo" parameterType="com.javassem.vo.Auction_ingVO" resultType="com.javassem.vo.Auction_ingVO">
	SELECT *
	FROM AUCTION_ING
	WHERE A_NUM = #{A_NUM}
	ORDER BY ING_COST DESC
	LIMIT 1; 
	</select>
	
	<select id="getAuctionIngInfoMember" parameterType="com.javassem.vo.Auction_ingVO" resultType="com.javassem.vo.Auction_ingVO">
	SELECT *
	FROM AUCTION_ING
	WHERE A_NUM = #{A_NUM} AND ING_BUYER = #{ING_BUYER}
	ORDER BY ING_COST DESC
	LIMIT 1; 
	</select>

</mapper>