<?xml version="1.0" encoding="UTF-8"?>
<!DOCTYPE mapper PUBLIC "-//mybatis.org//DTD Mapper 3.0//EN"
"http://mybatis.org/dtd/mybatis-3-mapper.dtd">
<mapper namespace="question">
	
	<!-- 사용자 문의 작성, 확인, 수정, 삭제 -->
	
	<insert id="insertQuestion" parameterType="com.javassem.vo.QuestionVO">	
		INSERT INTO QUESTION (Q_WRITE, Q_PW, Q_TITLE, Q_CONTENT, Q_CATEGORY, Q_DATE) 
		VALUES	(#{Q_WRITE}, #{Q_PW}, #{Q_TITLE}, #{Q_CONTENT}, #{Q_CATEGORY}, NOW())
	</insert>
	
	<select id="selectQuestionByNum" resultType="com.javassem.vo.QuestionVO" parameterType="com.javassem.vo.QuestionVO">
		SELECT * FROM QUESTION WHERE Q_NUM = #{Q_NUM}
	</select>
	
	<update id="updateQuestionByNumPw" parameterType="com.javassem.vo.QuestionVO">
		UPDATE QUESTION
		SET Q_TITLE = #{Q_TITLE}, Q_CONTENT = #{Q_CONTENT}
		WHERE Q_NUM = #{Q_NUM} AND Q_PW = #{Q_PW}
	</update>

	<delete id="deleteQuestionByNumPw" parameterType="com.javassem.vo.QuestionVO">
		DELETE FROM QUESTION WHERE Q_NUM = #{Q_NUM} AND Q_PW = #{Q_PW}
	</delete>
	
	<select id="selectListQuestionById" resultType="com.javassem.vo.QuestionVO" parameterType="com.javassem.vo.QuestionVO">
		SELECT * FROM QUESTION WHERE Q_WRITE = #{Q_WRITE}
	</select>
	
	<!-- 관리자 작업 -->
	<update id="updateQuestionByMain" parameterType="com.javassem.vo.QuestionVO">
		UPDATE QUESTION
		SET Q_REPLY = #{Q_REPLY}, Q_R_CONTENT = #{Q_R_CONTENT}, Q_R_DATE = NOW()
		WHERE Q_NUM = #{Q_NUM}
	</update>
	
	<select id="selectQuestionAllFi" resultType="com.javassem.vo.QuestionVO" parameterType="com.javassem.vo.QuestionVO">
		SELECT * FROM QUESTION ORDER BY Q_NUM LIMIT 0,5
	</select>
	
	<select id="selectQuestionAllTe" resultType="com.javassem.vo.QuestionVO" parameterType="com.javassem.vo.QuestionVO">
		SELECT * FROM QUESTION ORDER BY Q_NUM LIMIT 5,10
	</select>
	
	<select id="selectQuestionCount" resultType="com.javassem.vo.QuestionVO" parameterType="com.javassem.vo.QuestionVO">
		SELECT COUNT(*) FROM QUESTION
	</select>
	
</mapper>