<?xml version="1.0" encoding="UTF-8"?>
<!DOCTYPE mapper PUBLIC "-//mybatis.org//DTD Mapper 3.0//EN"
"http://mybatis.org/dtd/mybatis-3-mapper.dtd">
<mapper namespace="stats">

	<!-- 그날 경매 총 금액 -->
	<select id="getTodayTotalCost" resultType="Int">
		SELECT sum(ifnull(end_cost, 0)) totalCost
		FROM auction_end 
		WHERE a_Num in (SELECT a_num 
						FROM auction_end 
						WHERE day(finish_time) = day(now()))
	</select>
	
	<select id="getTodayIngCount" resultType="Int">
		SELECT count(*) ingCount FROM auction_info WHERE a_condition = '경매중'
	</select>
		
	<select id="getTodayEndCount" resultType="Int">
		SELECT count(a_num) endCount FROM auction_end WHERE day(finish_time) = day(now())
	</select>
	
	<select id="get5WorkList" resultType="com.javassem.vo.WorkListVO">
		SELECT * FROM worklist ORDER BY work_time DESC LIMIT 5
	</select>
</mapper>