<?xml version="1.0" encoding="UTF-8"?>
<!DOCTYPE mapper PUBLIC "-//mybatis.org//DTD Mapper 3.0//EN"
"http://mybatis.org/dtd/mybatis-3-mapper.dtd">
<mapper namespace="auction_warn">

	<insert id="insertWarn" parameterType="com.javassem.vo.Auction_warnVO">	
		INSERT INTO AUCTION_WARN (A_NUM, W_CONTENT, W_CUSTOMER) 
		VALUES (#{A_NUM}, #{W_CONTENT}, #{W_CUSTOMER})
	</insert>
	
	<select id="selectById" parameterType="com.javassem.vo.Auction_warnVO" resultType="com.javassem.vo.Auction_warnVO">
		SELECT * FROM AUCTION_WARN WHERE W_CUSTOMER = #{W_CUSTOMER}
	</select>
	
	<select id="selectByIdNum" parameterType="com.javassem.vo.Auction_warnVO" resultType="com.javassem.vo.Auction_warnVO">
		SELECT * FROM AUCTION_WARN WHERE W_CUSTOMER = #{W_CUSTOMER} AND A_NUM = #{A_NUM}
	</select>
	
	<!-- 관리자 작업 -->
	<select id="selectWarnAll" parameterType="com.javassem.vo.Auction_warnVO" resultType="com.javassem.vo.Auction_warnVO">
		SELECT * FROM AUCTION_WARN
	</select>
	
	<update id="updateWarnByMain" parameterType="com.javassem.vo.Auction_warnVO">
		UPDATE AUCTION_WARN
		SET W_CHECK = #{W_CHECK}, W_ADMIN = #{W_ADMIN}
		WHERE W_NUM = #{W_NUM}
	</update>
	
	<select id="selectWarnByWnum" resultType="com.javassem.vo.Auction_warnVO" parameterType="com.javassem.vo.Auction_warnVO">
		SELECT * FROM AUCTION_WARN WHERE W_NUM = #{W_NUM}
	</select>
	
</mapper>