<?xml version="1.0" encoding="UTF-8"?>
<!DOCTYPE mapper PUBLIC "-//mybatis.org//DTD Mapper 3.0//EN"
"http://mybatis.org/dtd/mybatis-3-mapper.dtd">

<mapper namespace="auction_info">

<select id="selectByC" parameterType="com.javassem.vo.Auction_infoVO" resultType="com.javassem.vo.Auction_infoVO">
	SELECT * FROM AUCTION_INFO WHERE C_ID = #{C_ID} ORDER BY A_NUM
</select>

<select id="selectByA" parameterType="com.javassem.vo.Auction_infoVO" resultType="com.javassem.vo.Auction_infoVO">
	SELECT * FROM AUCTION_INFO WHERE A_NUM = #{A_NUM}
</select>

<update id="updateWarn" parameterType="com.javassem.vo.Auction_infoVO">
	UPDATE AUCTION_INFO
	SET	A_WARN = A_WARN + 1
	WHERE A_NUM = #{A_NUM}
</update>

<update id="updateConditionByNum" parameterType="com.javassem.vo.Auction_infoVO">
	UPDATE AUCTION_INFO
	SET	A_CONDITION = '경매완료'
	WHERE A_NUM = #{A_NUM}
</update>
	
</mapper>