<?xml version="1.0" encoding="UTF-8"?>
<!DOCTYPE mapper PUBLIC "-//mybatis.org//DTD Mapper 3.0//EN"
"http://mybatis.org/dtd/mybatis-3-mapper.dtd">
<mapper namespace="stats">

	<!-- 그날 경매 총 금액 -->
	<select id="getTodayTotalCost" resultType="Int">
		SELECT sum(ifnull(end_cost, 0)) totalCost
		FROM auction_end 
		WHERE a_Num in (SELECT a_num 
						FROM auction_end 
						WHERE day(finish_time) = day(now()))
	</select>
	
	<select id="getTodayIngCount" resultType="Int">
		SELECT count(*) ingCount FROM auction_info WHERE a_condition = '경매중'
	</select>
		
	<select id="getTodayEndCount" resultType="Int">
		SELECT count(a_num) endCount FROM auction_end WHERE day(finish_time) = day(now())
	</select>
	
	<select id="get5WorkList" resultType="com.javassem.vo.WorkListVO">
		SELECT * FROM worklist ORDER BY work_time DESC LIMIT 5
	</select>
	
	<select id="getTodayAccess" resultType="Int">
		SELECT count(*) FROM log WHERE day(l_date) = day(now())
	</select>
	
	<select id="getUnrepliedQuestion" resultType="Int">
		SELECT count(*) AS unRepliedQuestion FROM question WHERE q_reply IS NULL
	</select>
	
	<select id="getUnProcessedWarn" resultType="Int">
		SELECT count(*) as unProcessedWarn FROM auction_warn WHERE w_admin IS NULL
	</select>
	
	<insert id="insertLogData">
		INSERT INTO log VALUES (now(), #{M_ID})
	</insert>
	
	<select id="getMyJoinAuction" resultType="Int">
		SELECT count(*) joinAuctionCount FROM 
		(SELECT DISTINCT a_num FROM auction_ing WHERE ing_buyer = #{M_ID} GROUP BY a_num) nums;
	</select>
	
	<select id="getLogStats1" resultType="com.javassem.vo.StatsVO">
		SELECT day(l_date) logDate, count(*) logCount FROM log WHERE day(l_date) = DAY(now()) GROUP BY DAY(l_date)
	</select>
	
	<select id="getLogStats2" resultType="com.javassem.vo.StatsVO">
		SELECT day(l_date) logDate, count(*) logCount FROM log WHERE day(l_date) = DAY(now())-1 GROUP BY DAY(l_date)
	</select>	
	
	<select id="getLogStats3" resultType="com.javassem.vo.StatsVO">
		SELECT day(l_date) logDate, count(*) logCount FROM log WHERE day(l_date) = DAY(now())-2 GROUP BY DAY(l_date)
	</select>		
	
	<select id="getLogStats4" resultType="com.javassem.vo.StatsVO">
		SELECT day(l_date) logDate, count(*) logCount FROM log WHERE day(l_date) = DAY(now())-3 GROUP BY DAY(l_date)
	</select>		
	
	<select id="getLogStats5" resultType="com.javassem.vo.StatsVO">
		SELECT day(l_date) logDate, count(*) logCount FROM log WHERE day(l_date) = DAY(now())-4 GROUP BY DAY(l_date)
	</select>		
	
	<select id="getLogStats6" resultType="com.javassem.vo.StatsVO">
		SELECT day(l_date) logDate, count(*) logCount FROM log WHERE day(l_date) = DAY(now())-5 GROUP BY DAY(l_date)
	</select>	
	
	<select id="getLogStats7" resultType="com.javassem.vo.StatsVO">
		SELECT day(l_date) logDate, count(*) logCount FROM log WHERE day(l_date) = DAY(now())-6 GROUP BY DAY(l_date)
	</select>
	
	<select id="maleCount" resultType="com.javassem.vo.StatsVO">
		SELECT count(*) maleCnt FROM MEMBER WHERE m_gender = 'male'
	</select>	
	<select id="femaleCount" resultType="com.javassem.vo.StatsVO">
		SELECT count(*) femaleCnt FROM MEMBER WHERE m_gender = 'female'
	</select>		
	
	<select id="maleCost" resultType="com.javassem.vo.StatsVO">
		SELECT sum(end_cost) maleCost
		FROM auction_end
		WHERE end_buyer IN (SELECT m_id
		FROM MEMBER 
		WHERE m_gender = 'male')
	</select>	
	
	<select id="femaleCost" resultType="com.javassem.vo.StatsVO">
		SELECT sum(end_cost) femaleCost
		FROM auction_end
		WHERE end_buyer IN (SELECT m_id
		FROM MEMBER 
		WHERE m_gender = 'female')	
	</select>
	
	<select id="under20" resultType="com.javassem.vo.StatsVO">
	<![CDATA[
		SELECT count(*) under20 FROM MEMBER WHERE YEAR(m_birth) >  2003
		]]>
	</select>	
	
	<select id="under40" resultType="com.javassem.vo.StatsVO">
		SELECT count(*) under40 FROM MEMBER WHERE year(m_birth) BETWEEN 1983 AND 2003
	</select>	
	
	<select id="under60" resultType="com.javassem.vo.StatsVO">
		SELECT count(*) under60 FROM MEMBER WHERE year(m_birth) BETWEEN 1982 AND 1963
	</select>	
	
	<select id="over60" resultType="com.javassem.vo.StatsVO">
	<![CDATA[
		SELECT count(*) over60 FROM MEMBER WHERE year(m_birth) < 1963 ]]>
	</select>	
	
	<select id="totalToday" resultType="com.javassem.vo.StatsVO">
		SELECT sum(end_cost) totalToday FROM auction_end WHERE DAY(finish_time) = day(now())
	</select>		
		
</mapper>